name,email,password
Ana Silva,ana.silva@email.com,pwd123
Bruno Costa,bruno.costa@email.com,pwd123
Carla Mendes,carla.mendes@email.com,pwd123
Daniel Souza,daniel.souza@email.com,pwd123
Elena Rodrigues,elena.rodrigues@email.com,pwd123
Felipe Santos,felipe.santos@email.com,pwd123
Gabriela Lima,gabriela.lima@email.com,pwd123
Henrique Alves,henrique.alves@email.com,pwd123
Isabela Ferreira,isabela.ferreira@email.com,pwd123
João Martins,joao.martins@email.com,pwd123
Larissa Oliveira,larissa.oliveira@email.com,pwd123
Marcelo Pereira,marcelo.pereira@email.com,pwd123
Natália Ribeiro,natalia.ribeiro@email.com,pwd123
Otávio Cardoso,otavio.cardoso@email.com,pwd123
Paula Gomes,paula.gomes@email.com,pwd123
Rafael Barbosa,rafael.barbosa@email.com,pwd123
Sílvia Monteiro,silvia.monteiro@email.com,pwd123
Thiago Araújo,thiago.araujo@email.com,pwd123
Vanessa Dias,vanessa.dias@email.com,pwd123
Wagner Fernandes,wagner.fernandes@email.com,pwd123
Alice Moreira,alice.moreira@email.com,pwd123
Bernardo Pinto,bernardo.pinto@email.com,pwd123
Camila Teixeira,camila.teixeira@email.com,pwd123
Diego Nogueira,diego.nogueira@email.com,pwd123
Eduarda Castro,eduarda.castro@email.com,pwd123
Fábio Rocha,fabio.rocha@email.com,pwd123
Giovana Moura,giovana.moura@email.com,pwd123
Hugo Correia,hugo.correia@email.com,pwd123
Íris Macedo,iris.macedo@email.com,pwd123
Juliano Amaral,juliano.amaral@email.com,pwd123
Karina Reis,karina.reis@email.com,pwd123
Leonardo Cunha,leonardo.cunha@email.com,pwd123
Melissa Freitas,melissa.freitas@email.com,pwd123
Nicolas Batista,nicolas.batista@email.com,pwd123
Olivia Carvalho,olivia.carvalho@email.com,pwd123
Pedro Azevedo,pedro.azevedo@email.com,pwd123
Raquel Melo,raquel.melo@email.com,pwd123
Samuel Barros,samuel.barros@email.com,pwd123
Tatiana Soares,tatiana.soares@email.com,pwd123
Ulisses Campos,ulisses.campos@email.com,pwd123
Vitória Nascimento,vitoria.nascimento@email.com,pwd123
William Duarte,william.duarte@email.com,pwd123
Xavier Lopes,xavier.lopes@email.com,pwd123
Yasmin Coelho,yasmin.coelho@email.com,pwd123
Zélia Ramos,zelia.ramos@email.com,pwd123
Anderson Neves,anderson.neves@email.com,pwd123
Beatriz Pires,beatriz.pires@email.com,pwd123
Caio Vieira,caio.vieira@email.com,pwd123
Débora Farias,debora.farias@email.com,pwd123
Emerson Cruz,emerson.cruz@email.com,pwd123
Fernanda Pacheco,fernanda.pacheco@email.com,pwd123
Gustavo Miranda,gustavo.miranda@email.com,pwd123
Helena Xavier,helena.xavier@email.com,pwd123
Igor Sampaio,igor.sampaio@email.com,pwd123
Juliana Guedes,juliana.guedes@email.com,pwd123
Kevin Borges,kevin.borges@email.com,pwd123
Lívia Martins,livia.martins@email.com,pwd123
Murilo Andrade,murilo.andrade@email.com,pwd123
Núbia Braga,nubia.braga@email.com,pwd123
Orlando Maciel,orlando.maciel@email.com,pwd123
Patrícia Queiroz,patricia.queiroz@email.com,pwd123
Quintino Silva,quintino.silva@email.com,pwd123
Renata Fonseca,renata.fonseca@email.com,pwd123
Sérgio Tavares,sergio.tavares@email.com,pwd123
Talita Viana,talita.viana@email.com,pwd123
Ubirajara Sales,ubirajara.sales@email.com,pwd123
Valter Bastos,valter.bastos@email.com,pwd123
Wesley Chaves,wesley.chaves@email.com,pwd123
Ximena Aguiar,ximena.aguiar@email.com,pwd123
Yuri Medeiros,yuri.medeiros@email.com,pwd123
Zara Fogaça,zara.fogaca@email.com,pwd123
Alexandre Caldeira,alexandre.caldeira@email.com,pwd123
Bruna Pessoa,bruna.pessoa@email.com,pwd123
César Rios,cesar.rios@email.com,pwd123
Daniela Vargas,daniela.vargas@email.com,pwd123
Eliane Muniz,eliane.muniz@email.com,pwd123
Francisco Saraiva,francisco.saraiva@email.com,pwd123
Gisele Jardim,gisele.jardim@email.com,pwd123
Heitor Barreto,heitor.barreto@email.com,pwd123
Ingrid Leal,ingrid.leal@email.com,pwd123
Jéssica Galvão,jessica.galvao@email.com,pwd123
Klaus Matos,klaus.matos@email.com,pwd123
Letícia Brito,leticia.brito@email.com,pwd123
Márcio Siqueira,marcio.siqueira@email.com,pwd123
Núria Toledo,nuria.toledo@email.com,pwd123
Osvaldo Porto,osvaldo.porto@email.com,pwd123
Priscila Rangel,priscila.rangel@email.com,pwd123
Quirino Paz,quirino.paz@email.com,pwd123
Roberta Ximenes,roberta.ximenes@email.com,pwd123
Sebastião Flores,sebastiao.flores@email.com,pwd123
Tereza Vasconcelos,tereza.vasconcelos@email.com,pwd123
Uliana Campos,uliana.campos@email.com,pwd123
Vicente Marques,vicente.marques@email.com,pwd123
Wanda Esteves,wanda.esteves@email.com,pwd123
Xerxes Lacerda,xerxes.lacerda@email.com,pwd123
Yolanda Figueiredo,yolanda.figueiredo@email.com,pwd123
Zuleika Arruda,zuleika.arruda@email.com,pwd123